Id,Link
0,https://www.swiggy.com/restaurants/bakingo-3rd-stage-banashankari-bangalore-420020
1,https://www.swiggy.com/restaurants/kanti-sweets-gandhi-bazaar-gandhi-bazar-bangalore-285645
2,https://www.swiggy.com/restaurants/kfc-vani-vilas-road-basavanagudi-bangalore-17301
3,https://www.swiggy.com/restaurants/mcdonalds-gandhi-bazaar-main-road-basavangudi-bangalore-457522
4,https://www.swiggy.com/restaurants/burger-king-gandhi-bazar-basavanagudi-bangalore-77949
5,https://www.swiggy.com/restaurants/hari-super-sandwich-3rd-block-jayanagar-bangalore-47493
6,https://www.swiggy.com/restaurants/lavonne-st-marks-road-bangalore-281469
7,https://www.swiggy.com/restaurants/wow-momo-lullu-india-shopping-mall-rajajinagar-bangalore-427064
8,https://www.swiggy.com/restaurants/kwality-walls-frozen-dessert-and-ice-cream-shop-ank-rao-road-basavanagudi-bangalore-405396
9,https://www.swiggy.com/restaurants/anand-sweets-4th-block-jayanagar-bangalore-593
10,https://www.swiggy.com/restaurants/chaayos-chai-snacks-relax-sampige-road-malleshwaram-bangalore-415734
11,https://www.swiggy.com/restaurants/cafe-amudham-lalbhagh-siddapura-jayanagar-bangalore-684427
12,https://www.swiggy.com/restaurants/puliyogare-point-n-r-colony-basavanagudi-bangalore-56428
13,https://www.swiggy.com/restaurants/mulbagal-dosa-corner-1st-block-jayanagar-bangalore-454364
14,https://www.swiggy.com/restaurants/natraj-chole-bhature-4th-block-east-jayanagar-bangalore-412840
15,https://www.swiggy.com/restaurants/theobroma-vittal-malya-road-ashok-nagar-bangalore-426730
16,https://www.swiggy.com/restaurants/simpli-namdharis-1st-block-jaya-nagar-bangalore-271191
17,https://www.swiggy.com/restaurants/richie-rich-sivananda-circle-race-course-road-bangalore-46650
18,https://www.swiggy.com/restaurants/by-2-coffee-chamrajpet-chamarajpet-bangalore-85320
19,https://www.swiggy.com/restaurants/sri-venkateshwara-sweet-meat-stall-gandhi-bazaar-main-road-basavanagudi-bangalore-313198
20,https://www.swiggy.com/restaurants/roti-ghar-gandhi-bazaar-main-road-basavanagudi-bangalore-94759
21,https://www.swiggy.com/restaurants/sangam-sweets-gandhi-nagar-majestic-bangalore-70008
22,https://www.swiggy.com/restaurants/new-udupi-upahar-shivashankar-plaza-central-bangalore-bangalore-719639
23,https://www.swiggy.com/restaurants/old-madras-baking-company-st-marks-road-bangalore-686348
24,https://www.swiggy.com/restaurants/toscano-jayanagar-bangalore-2864
25,https://www.swiggy.com/restaurants/sri-udupi-food-hub-gandhi-nagar-bangalore-579022
26,https://www.swiggy.com/restaurants/idc-kitchen-gandhi-nagar-bangalore-177016
27,https://www.swiggy.com/restaurants/rajathadri-food-fort-7th-block-jayanagar-bangalore-61983
28,https://www.swiggy.com/restaurants/bombay-vadapav-corner-jai-bheema-nagar-malleshwaram-bangalore-180847
29,https://www.swiggy.com/restaurants/the-belgian-waffle-co-sri-vasavi-temple-street-basavanagudi-bangalore-197238
30,https://www.swiggy.com/restaurants/shree-mahalakshmi-sweets-chamrajpet-basavanagudi-bangalore-82160
31,https://www.swiggy.com/restaurants/third-wave-coffee-lavelle-road-ashok-nagar-bangalore-533773
32,https://www.swiggy.com/restaurants/karnataka-bhel-house-chamrajpet-basavanagudi-bangalore-146490
33,https://www.swiggy.com/restaurants/chaatimes-hanumanthanagar-bangalore-3657
34,https://www.swiggy.com/restaurants/hari-super-sandwich-bugle-rock-road-basavanagudi-bangalore-126337
35,https://www.swiggy.com/restaurants/nic-ice-creams-bashyam-circle-rajajinagar-bangalore-75093
36,https://www.swiggy.com/restaurants/a2b-adyar-ananda-bhavan-gandhi-bazar-main-road-basavanagudi-bangalore-1468
37,https://www.swiggy.com/restaurants/paakashala-chamarajpet-basavanagudi-bangalore-743427
38,https://www.swiggy.com/restaurants/asha-sweet-center-gandhi-bazaar-basavanagudi-bangalore-160120
39,https://www.swiggy.com/restaurants/trattoria-by-toscano-1st-block-jayanagar-bangalore-317438
40,https://www.swiggy.com/restaurants/sreeraj-lassi-bar-1973s-palace-road-race-course-road-bangalore-156627
41,https://www.swiggy.com/restaurants/nandhini-deluxe-lalbagh-fort-road-basavanagudi-bangalore-41105
42,https://www.swiggy.com/restaurants/rolls-kitchen-longford-road-shanti-nagar-bangalore-6518
43,https://www.swiggy.com/restaurants/empire-juices-and-desserts-gandhi-nagar-majestic-bangalore-280474
44,https://www.swiggy.com/restaurants/wendys-kmk-towers-residency-road-bangalore-396753
45,https://www.swiggy.com/restaurants/noto-healthy-ice-cream-vishweshwarapura-jayanagar-bangalore-582902
46,https://www.swiggy.com/restaurants/new-shanti-sagar-3rd-block-rajajinagar-bangalore-40443
47,https://www.swiggy.com/restaurants/boba-tree-race-course-road-sampangi-rama-nagar-bangalore-640020
48,https://www.swiggy.com/restaurants/chungs-chinese-corner-3rd-block-jayanagar-bangalore-300512
49,https://www.swiggy.com/restaurants/subway-bull-temple-road-basavanagudi-bangalore-1452
50,https://www.swiggy.com/restaurants/udupi-aatithya-chikkanna-garden-basavanagudi-bangalore-474587
51,https://www.swiggy.com/restaurants/eatfit-ali-asker-road-cunningham-road-bangalore-393107
52,https://www.swiggy.com/restaurants/chai-point-2nd-stage-banashankari-bangalore-95121
53,https://www.swiggy.com/restaurants/natural-ice-cream-7th-block-jayanagar-bangalore-29672
54,https://www.swiggy.com/restaurants/starbucks-coffee-ashok-nagar-lavelle-road-bangalore-124178
55,https://www.swiggy.com/restaurants/aromas-of-biryani-jayanagar-bangalore-576474
56,https://www.swiggy.com/restaurants/wefit-bowls-salads-and-sandwiches-vv-puram-azad-nagar-bangalore-643793
57,https://www.swiggy.com/restaurants/mtr-gandhinagar-majestic-bangalore-49095
58,https://www.swiggy.com/restaurants/faasos-signature-wraps-and-rolls-rashtriya-vidyalaya-rd-jayanagar-bangalore-566296
59,https://www.swiggy.com/restaurants/punjabi-dhaba-gandhi-nagar-majestic-bangalore-393897
60,https://www.swiggy.com/restaurants/mojo-pizza-2x-toppings-vv-puram-basavanagudi-bangalore-622161
61,https://www.swiggy.com/restaurants/five-star-chicken-hanumanthanagar-banashankari-bangalore-738953
62,https://www.swiggy.com/restaurants/leancrust-pizza-thincrust-experts-azad-nagar-mysore-road-bangalore-681571
63,https://www.swiggy.com/restaurants/mealful-rolls-indias-biggest-rolls-azad-nagar-city-market-bangalore-425572
64,https://www.swiggy.com/restaurants/nh1-bowls-highway-to-north-azad-nagar-mysore-road-bangalore-425576
65,https://www.swiggy.com/restaurants/la-pinoz-pizza-gandhi-bazaar-main-road-basavanagudi-bangalore-424558
66,https://www.swiggy.com/restaurants/shyamjis-chole-bhature-3st-block-rajajinagar-bangalore-537147
67,https://www.swiggy.com/restaurants/kapoors-cafe-jayanagar-bangalore-102324
68,https://www.swiggy.com/restaurants/iyengars-bakery-4th-t-block-jayanagar-bangalore-41904
69,https://www.swiggy.com/restaurants/imperial-restaurant-byataranyapura-mysore-road-bangalore-85333
70,https://www.swiggy.com/restaurants/india-sweet-house-4th-block-jayanagar-bangalore-601010
71,https://www.swiggy.com/restaurants/itc-sunfeast-baked-creations-west-of-chord-road-rajajinagar-bangalore-409529
72,https://www.swiggy.com/restaurants/bhatti-chicken-grilled-not-fried-vv-puram-basavanagudi-bangalore-616234
73,https://www.swiggy.com/restaurants/aahar-gandhi-nagar-majestic-bangalore-569800
74,https://www.swiggy.com/restaurants/bombay-kulfis-gandhi-bazaar-main-road-basavanagudi-bangalore-66424
75,https://www.swiggy.com/restaurants/minus-30-infantry-road-shivajinagar-bangalore-420143
76,https://www.swiggy.com/restaurants/big-mishra-pedha-3rd-phase-vijayanagar-bangalore-200916
77,https://www.swiggy.com/restaurants/a1-chips-jayanagar-bda-complex-jayanagar-bangalore-648337
78,https://www.swiggy.com/restaurants/krispy-kreme-2nd-stage-banashankari-bangalore-365932
79,https://www.swiggy.com/restaurants/prasuma-momo-kitchen-1st-main-road-rajajinagar-bangalore-694084
80,https://www.swiggy.com/restaurants/fb-cakes-magadi-main-road-vijay-nagar-bangalore-700433
81,https://www.swiggy.com/restaurants/great-indian-khichdi-by-eatfit-cunnigham-road-vasanth-nagar-bangalore-440123
82,https://www.swiggy.com/restaurants/grameen-kulfi-bashyam-circle-rajajinagar-bangalore-352790
83,https://www.swiggy.com/restaurants/faasos-wraps-and-rolls-rashtriya-vidyalaya-rd-jayanagar-bangalore-93497
84,https://www.swiggy.com/restaurants/al-bek-6th-block-rajajinagar-bangalore-252618
85,https://www.swiggy.com/restaurants/rnr-biryani-taste-of-1953-4th-block-jayanagar-bangalore-440897
86,https://www.swiggy.com/restaurants/itc-aashirvaad-soul-creations-rajajinagar-industrial-town-rajaji-nagar-bangalore-577804
87,https://www.swiggy.com/restaurants/holige-mane-bashyam-circle-rajajinagar-bangalore-164061
88,https://www.swiggy.com/restaurants/myfroyoland-premium-frozen-yogurt-4th-block-jayanagar-bangalore-510522
89,https://www.swiggy.com/restaurants/haagen-dazs-gopalapura-magadi-road-bangalore-464940
90,https://www.swiggy.com/restaurants/madno-house-of-sundaes-city-market-majestic-bangalore-439630
91,https://www.swiggy.com/restaurants/bikaner-sweets-4th-t-block-jayanagar-bangalore-424609
92,https://www.swiggy.com/restaurants/bangarpet-chats-4th-block-ramamandira-rajajinagar-bangalore-206516
93,https://www.swiggy.com/restaurants/cakewala-4th-block-jayanagar-bangalore-29071
94,https://www.swiggy.com/restaurants/goli-vada-pav-2nd-stage-banashankari-bangalore-336872
95,https://www.swiggy.com/restaurants/big-bite-pf-layout-vijayanagar-bangalore-32792
96,https://www.swiggy.com/restaurants/giani-ice-cream-4th-block-jayanagar-bangalore-604536
97,https://www.swiggy.com/restaurants/andhra-gunpowder-shivananda-circle-seshadripuram-bangalore-502957
98,https://www.swiggy.com/restaurants/home-plate-by-eatfit-vasanth-nagar-cunningham-road-bangalore-440151
99,https://www.swiggy.com/restaurants/hrx-by-eatfit-ali-asker-road-cunningham-road-bangalore-558773
100,https://www.swiggy.com/restaurants/mcdonalds-gourmet-burger-collection-mantri-square-malleshwaram-bangalore-395257
101,https://www.swiggy.com/restaurants/the-betel-leaf-co-millars-road-vasanthanagar-bangalore-170528
102,https://www.swiggy.com/restaurants/cookie-man-gopalapura-basaveshwaranagar-bangalore-441300
103,https://www.swiggy.com/restaurants/gourmet-ice-cream-cakes-by-baskin-robbins-gt-world-mall-magadi-road-bangalore-476596
104,https://www.swiggy.com/restaurants/oven-story-pizza-rashtriya-vidyalaya-rd-jayanagar-bangalore-93499
105,https://www.swiggy.com/restaurants/istah-the-mediterranean-way-akkithimanahalli-santhi-nagar-bangalore-503961
106,https://www.swiggy.com/restaurants/kabab-magic-rv-road-basavanagudi-bangalore-108109
107,https://www.swiggy.com/restaurants/meghana-foods-jayanagar-bangalore-655
108,https://www.swiggy.com/restaurants/samosa-party-brigade-road-bangalore-312660
109,https://www.swiggy.com/restaurants/corner-house-ice-cream-basavanagudi-bangalore-427575
110,https://www.swiggy.com/restaurants/hotel-empire-majestic-bangalore-41102
111,https://www.swiggy.com/restaurants/box8-desi-meals-azad-nagar-mysore-road-bangalore-425570
112,https://www.swiggy.com/restaurants/goli-vada-pav-no-1-2nd-block-jayanagar-bangalore-2040
113,https://www.swiggy.com/restaurants/california-burrito-gandhi-bazaar-basavanagudi-bangalore-484182
114,https://www.swiggy.com/restaurants/polar-bear-ice-cream-sundaes-kavilakshmisha-road-basavanagudi-bangalore-5893
115,https://www.swiggy.com/restaurants/baskin-robbins-ice-cream-desserts-gt-world-mall-vijay-nagar-bangalore-476594
116,https://www.swiggy.com/restaurants/nandhana-palace-rajajinagar-bangalore-18975
117,https://www.swiggy.com/restaurants/frozen-bottle-milkshakes-desserts-and-ice-cream-magadi-road-bangalore-45008
118,https://www.swiggy.com/restaurants/ibaco-basavanagudi-m-n-krishna-rao-road-bangalore-49840
119,https://www.swiggy.com/restaurants/rolls-on-wheels-banashankari-bangalore-1469
120,https://www.swiggy.com/restaurants/beijing-bites-2nd-stage-banashankari-bangalore-8392
121,https://www.swiggy.com/restaurants/keventers-milkshakes-and-desserts-mantri-square-mall-malleshwaram-bangalore-349629
122,https://www.swiggy.com/restaurants/lassi-shop-rpc-layout-vijayanagar-bangalore-178838
123,https://www.swiggy.com/restaurants/churmur-chaat-co-rama-nagar-central-bangalore-bangalore-329938
124,https://www.swiggy.com/restaurants/pizza-hut-lulu-india-shopping-mal-magadi-road-bangalore-426713
125,https://www.swiggy.com/restaurants/fresh-pressery-cafe-ashok-nagar-lavelle-road-bangalore-9911
126,https://www.swiggy.com/restaurants/salt-indian-restaurant-bar-and-grill-whitefield-central-bangalore-bangalore-484939
127,https://www.swiggy.com/restaurants/goodness-to-go-lavelle-road-bangalore-604781
128,https://www.swiggy.com/restaurants/sri-durga-chats-and-icecream-parlour-vijayanagar-since-1996-sbi-staff-colony-vijayanagar-bangalore-67964
129,https://www.swiggy.com/restaurants/all-saints-bakery-brigade-road-ashok-nagar-bangalore-15870
130,https://www.swiggy.com/restaurants/indraprastha-vegetarian-mc-layout-vijayanagar-bangalore-48677
131,https://www.swiggy.com/restaurants/smoke-house-deli-ashok-nagar-lavelle-road-bangalore-10238
132,https://www.swiggy.com/restaurants/restaurant-chef-pillai-ashok-nagar-central-bangalore-bangalore-739040
133,https://www.swiggy.com/restaurants/amadora-gourmet-ice-cream-u-b-city-vittal-mallaya-bangalore-737841
134,https://www.swiggy.com/restaurants/cafe-noir-vittal-mallya-road-bangalore-53605
135,https://www.swiggy.com/restaurants/biryanis-and-more-jayanagar-bangalore-29002
136,https://www.swiggy.com/restaurants/boss-burger-ashok-nagar-lavelle-road-bangalore-234701
137,https://www.swiggy.com/restaurants/glens-bakehouse-lavelle-road-ashok-nagar-bangalore-17376
138,https://www.swiggy.com/restaurants/taste-of-tibet-brigade-road-bangalore-410844
139,https://www.swiggy.com/restaurants/the-doner-company-shawarmas-and-more-shanthinagara-central-bangalore-bangalore-697850
140,https://www.swiggy.com/restaurants/misu-palace-road-seshadripuram-bangalore-241420
141,https://www.swiggy.com/restaurants/taiki-3rd-block-jayanagar-bangalore-337997
142,https://www.swiggy.com/restaurants/fanoos-johnson-market-richmond-road-bangalore-2824
143,https://www.swiggy.com/restaurants/lakeview-milkbar-mg-road-bangalore-2832
144,https://www.swiggy.com/restaurants/qmin-cafe-rajajinagar-basaveshwaranagar-bangalore-690935
145,https://www.swiggy.com/restaurants/gochick-brigade-road-central-bangalore-bangalore-742282
146,https://www.swiggy.com/restaurants/taco-bell-vatal-nagaraj-road-magadi-road-bangalore-442110
147,https://www.swiggy.com/restaurants/shawarma-on-wheels-cafe-coffee-day-banashankari-bangalore-661004
148,https://www.swiggy.com/restaurants/tadka-singh-magrath-road-church-street-bangalore-2843
149,https://www.swiggy.com/restaurants/the-fatty-bao-lavelle-road-bangalore-289970
150,https://www.swiggy.com/restaurants/tandoori-taal-prestige-trade-tower-ashok-nagar-bangalore-290399
151,https://www.swiggy.com/restaurants/burger-seigneur-st-marks-road-bangalore-354531
152,https://www.swiggy.com/restaurants/namaste-sampige-road-malleshwaram-bangalore-639122
153,https://www.swiggy.com/restaurants/brik-oven-high-grounds-bangalore-245536
154,https://www.swiggy.com/restaurants/paris-panini-gourmet-sandwiches-and-wraps-church-street-central-bangalore-bangalore-667962
155,https://www.swiggy.com/restaurants/itc-master-chef-creations-industrial-town-rajaji-nagar-bangalore-409528
156,https://www.swiggy.com/restaurants/art-of-delight-ice-creams-sundaes-and-desserts-residency-road-ashok-nagar-bangalore-2811
157,https://www.swiggy.com/restaurants/the-pizza-bakery-church-street-ashok-nagar-bangalore-342643
158,https://www.swiggy.com/restaurants/daily-sushi-shanthala-nagar-ashok-nagar-bangalore-600456
159,https://www.swiggy.com/restaurants/sri-udupi-park-galaxy-mall-residency-road-bangalore-4046
160,https://www.swiggy.com/restaurants/living-bowls-7th-phase-brigade-road-bangalore-557322
161,https://www.swiggy.com/restaurants/truffles-st-marks-road-bangalore-3369
162,https://www.swiggy.com/restaurants/chai-galli-2nd-phase-church-street-bangalore-644151
163,https://www.swiggy.com/restaurants/smoor-ashok-nagar-lavelle-road-bangalore-588012
164,https://www.swiggy.com/restaurants/samosa-singh-magrath-rd-central-bangalore-bangalore-679869
165,https://www.swiggy.com/restaurants/blue-tokai-coffee-roasters-infantry-road-shivaji-nagar-bangalore-187384
166,https://www.swiggy.com/restaurants/pasta-street-cunningham-road-bangalore-19361
167,https://www.swiggy.com/restaurants/amore-gelato-italian-ice-cream-shanthala-nagar-central-bangalore-bangalore-672534
168,https://www.swiggy.com/restaurants/paratha-box-desi-punjabi-meals-ali-asker-road-vasanth-nagar-bangalore-396192
169,https://www.swiggy.com/restaurants/foo-brigade-road-brigade-road-prestige-forum-rex-bangalore-642747
170,https://www.swiggy.com/restaurants/slay-coffee-bar-st-marks-road-bangalore-326529
171,https://www.swiggy.com/restaurants/royce-chocolate-vittal-mallya-road-bangalore-48338
172,https://www.swiggy.com/restaurants/pablos-sandwiches-7th-phase-brigade-road-bangalore-577206
173,https://www.swiggy.com/restaurants/sweet-chariot-brigade-road-ashok-nagar-bangalore-58568
174,https://www.swiggy.com/restaurants/nandos-brigade-road-ashok-nagar-bangalore-621462
175,https://www.swiggy.com/restaurants/xo-belgian-waffle-2nd-stage-banashankari-bangalore-100829
176,https://www.swiggy.com/restaurants/oh-calcutta-industrial-town-rajajinagar-bangalore-374352
177,https://www.swiggy.com/restaurants/cold-stone-creamery-binnipete-bangalore-425699
178,https://www.swiggy.com/restaurants/munchies-brigade-road-ashok-nagar-bangalore-5359
179,https://www.swiggy.com/restaurants/biggies-burger-ashok-nagar-church-street-bangalore-273161
180,https://www.swiggy.com/restaurants/mainland-china-rajajinagar-bangalore-5569
181,https://www.swiggy.com/restaurants/easy-bites-by-hotel-empire-castel-street-ashok-nagar-bangalore-279735
182,https://www.swiggy.com/restaurants/the-brooklyn-creamery-healthy-ice-cream-vv-giri-colony-seshadripuram-bangalore-376324
183,https://www.swiggy.com/restaurants/social-church-street-bangalore-17118
184,https://www.swiggy.com/restaurants/gopizza-garuda-mall-magrath-road-bangalore-578520
185,https://www.swiggy.com/restaurants/green-cravings-aga-abdullah-street-richmond-town-bangalore-197935
186,https://www.swiggy.com/restaurants/asia-kitchen-by-mainland-china-bindu-galaxy-rajajinagar-bangalore-305778
187,https://www.swiggy.com/restaurants/plan-b-banashankari-bangalore-594021
188,https://www.swiggy.com/restaurants/ghee-and-turmeric-cunnigham-road-vasanth-nagar-bangalore-442538
189,https://www.swiggy.com/restaurants/slv-corner-restaurant-slv-corner-vani-vilas-road-basavanagudi-bangalore-69997
190,https://www.swiggy.com/restaurants/srinivasa-brahmins-bakery-dr-dvg-road-basavanagudi-bangalore-22192
191,https://www.swiggy.com/restaurants/sri-vishnu-grand-veg-gandhi-nagar-majestic-bangalore-625034
192,https://www.swiggy.com/restaurants/freshmenu-johnson-market-richmond-road-bangalore-6924
193,https://www.swiggy.com/restaurants/new-biryani-centre-3rd-block-jayanagar-bangalore-640626
194,https://www.swiggy.com/restaurants/dumont-creamery-church-street-bangalore-215958
195,https://www.swiggy.com/restaurants/cafe-delhi-heights-forum-rex-walk-central-bangalore-bangalore-672387
196,https://www.swiggy.com/restaurants/punjab-grill-lulu-mall-forum-rex-walk-bangalore-667904
197,https://www.swiggy.com/restaurants/itc-fabelle-chocolates-richmond-town-bangalore-304580
198,https://www.swiggy.com/restaurants/keventers-ice-cream-mantri-square-malleshwaram-bangalore-420485
199,https://www.swiggy.com/restaurants/xero-degrees-jayanagar-04th-block-bangalore-719451
200,https://www.swiggy.com/restaurants/dhaba-estd-1986-delhi-forum-rex-walk-mall-shanthinagara-bangalore-665767
201,https://www.swiggy.com/restaurants/dum-safar-biryani-dr-rajkumar-road-rajajinagar-bangalore-586685
202,https://www.swiggy.com/restaurants/shyam-mishra-juice-centre-llp-vishweshwarapura-basavanagudi-bangalore-626762
203,https://www.swiggy.com/restaurants/provenance-deli-and-desserts-vittal-mallya-road-bangalore-213832
204,https://www.swiggy.com/restaurants/brahmins-coffee-bar-shankarapura-basavanagudi-bangalore-111261
205,https://www.swiggy.com/restaurants/toscanos-crafted-cakes-and-desserts-1st-block-jayanagar-bangalore-347248
206,https://www.swiggy.com/restaurants/rajasthani-dhaba-lakshmi-road-shanthi-nagar-bangalore-334172
207,https://www.swiggy.com/restaurants/udupi-sri-krishna-bhavan-gandhi-bazaar-main-road-basavanagudi-bangalore-213902
208,https://www.swiggy.com/restaurants/vijayalakshmi-bull-temple-rd-basavanagudi-bangalore-96527
209,https://www.swiggy.com/restaurants/sanman-restaurant-nehru-nagar-malleshwaram-bangalore-486189
210,https://www.swiggy.com/restaurants/sunnys-lavelle-road-bangalore-173211
211,https://www.swiggy.com/restaurants/papparoti-vittal-malya-road-ashok-nagar-bangalore-321157
212,https://www.swiggy.com/restaurants/sriracha-vittal-mallya-road-bangalore-307805
213,https://www.swiggy.com/restaurants/sanchez-vittal-mallya-road-bangalore-307804
214,https://www.swiggy.com/restaurants/shiro-vittal-mallya-road-bangalore-7341
215,https://www.swiggy.com/restaurants/upahara-darshini-kims-canteen-rajya-vokkaligara-sangha-basavanagudi-bangalore-429864
216,https://www.swiggy.com/restaurants/chicken-county-restaurant-s-c-road-majestic-bangalore-551901
217,https://www.swiggy.com/restaurants/via-milano-jayanagar-bangalore-325637
218,https://www.swiggy.com/restaurants/sri-nayvedya-veg-4th-block-jayanagar-bangalore-476261
219,https://www.swiggy.com/restaurants/nagarjuna-chimney-jayanagar-jaya-nagar-bangalore-1050
220,https://www.swiggy.com/restaurants/marathi-kitchen-4th-block-jayanagar-bangalore-636609
221,https://www.swiggy.com/restaurants/davanagere-benne-dose-hut-avalahalli-banashankari-bangalore-221597
222,https://www.swiggy.com/restaurants/slv-swadishta-south-indian-2nd-stage-banashankari-bangalore-1754
223,https://www.swiggy.com/restaurants/bidadi-thatte-idly-4th-block-jayanagar-bangalore-479256
224,https://www.swiggy.com/restaurants/chicking-binnipete-rajajinagar-bangalore-455002
225,https://www.swiggy.com/restaurants/pannagas-bangarpet-chats-srinagar-banashankari-bangalore-610847
226,https://www.swiggy.com/restaurants/4th-tea-block-4th-t-block-jayanagar-bangalore-295537
227,https://www.swiggy.com/restaurants/food-springs-4th-block-jp-nagar-bangalore-15342
228,https://www.swiggy.com/restaurants/infinitea-cunningham-road-ashok-nagar-bangalore-24297
229,https://www.swiggy.com/restaurants/go-native-ashok-nagar-lavelle-road-bangalore-219460
230,https://www.swiggy.com/restaurants/hotel-ngt-non-veg-rpc-layout-vijayanagar-bangalore-604653
231,https://www.swiggy.com/restaurants/shiv-sagar-rs-sampige-road-malleshwaram-bangalore-4793
232,https://www.swiggy.com/restaurants/halli-jonne-biriyani-4th-t-block-jayanagar-bangalore-145076
233,https://www.swiggy.com/restaurants/green-onion-chinese-residency-road-residency-road-ashok-nagar-bangalore-117871
234,https://www.swiggy.com/restaurants/carols-pastries-and-bakers-millars-road-vasanth-nagar-bangalore-437003
235,https://www.swiggy.com/restaurants/love-and-crumble-lalehzar-apartments-palace-road-malleshwaram-bangalore-694704
236,https://www.swiggy.com/restaurants/the-living-room-residency-road-ashok-nagar-bangalore-471784
237,https://www.swiggy.com/restaurants/temple-of-the-senses-church-street-mg-road-bangalore-638157
238,https://www.swiggy.com/restaurants/dolci-desserts-cunningham-road-bangalore-5596
239,https://www.swiggy.com/restaurants/palmgrove-ballal-residency-ashok-nagar-residency-road-bangalore-53490
240,https://www.swiggy.com/restaurants/restaurant1179-railway-parallel-road-malleshwaram-bangalore-486701
241,https://www.swiggy.com/restaurants/yak-kitchen-brigade-road-ashok-nagar-bangalore-451810
242,https://www.swiggy.com/restaurants/no-10-fort-cochin-st-marks-road-bangalore-69354
243,https://www.swiggy.com/restaurants/sikandar-rolls-barton-centre-m-g-road-bangalore-279060
244,https://www.swiggy.com/restaurants/new-shanthi-sagar-rv-road-jayanagar-bangalore-12396
245,https://www.swiggy.com/restaurants/maggi-mane-okalipuram-rajajinagar-bangalore-215453
246,https://www.swiggy.com/restaurants/twiststick-house-kavi-lakshmisha-road-basavanagudi-bangalore-66474
247,https://www.swiggy.com/restaurants/jain-and-veg-cuisines-kavi-lakshmisha-road-basavanagudi-bangalore-398070
248,https://www.swiggy.com/restaurants/hotel-prashanth-ain-road-basavanagudi-bangalore-707740
249,https://www.swiggy.com/restaurants/smv-snacks-corner-vishweshwarapura-basavanagudi-bangalore-400147
250,https://www.swiggy.com/restaurants/pure-and-sure-organic-cafe-1st-block-jayanagar-bangalore-172471
251,https://www.swiggy.com/restaurants/kentacky-chicken-corner-rajaram-mohan-ray-road-richmond-road-bangalore-451468
252,https://www.swiggy.com/restaurants/shivas-chats-50-feet-road-banashankari-bangalore-679126
253,https://www.swiggy.com/restaurants/sai-prasadam-rpc-layout-vijay-nagar-bangalore-33094
254,https://www.swiggy.com/restaurants/vinnys-banashankari-bangalore-24756
255,https://www.swiggy.com/restaurants/hotel-moon-light-kuvempu-road-malleshwaram-bangalore-382861
256,https://www.swiggy.com/restaurants/sweet-chariot-cafe-residency-road-ashok-nagar-bangalore-53608
257,https://www.swiggy.com/restaurants/biriyani-mane-7th-block-jayanagar-bangalore-107684
258,https://www.swiggy.com/restaurants/hyderabad-biryani-hotel-sampige-road-malleshwaram-bangalore-123985
259,https://www.swiggy.com/restaurants/krishna-vaibhava-chord-road-vijayanagar-bangalore-297530
260,https://www.swiggy.com/restaurants/karavali-family-restaurant-residency-road-brigade-road-bangalore-421765
261,https://www.swiggy.com/restaurants/cantan-ashok-nagar-lavelle-road-bangalore-289969
262,https://www.swiggy.com/restaurants/millers-46-vasanth-nagar-bangalore-5908
263,https://www.swiggy.com/restaurants/zed-the-baker-cunnigham-road-vasanth-nagar-bangalore-227560
264,https://www.swiggy.com/restaurants/kubo-1st-block-jayanagar-bangalore-469127
265,https://www.swiggy.com/restaurants/samipa-iyengar-bakery-2nd-phase-banashankari-bangalore-127818
266,https://www.swiggy.com/restaurants/pure-and-natural-7th-block-jayanagar-bangalore-3210
267,https://www.swiggy.com/restaurants/hotel-toms-restaurant-brigade-road-ashok-nagar-bangalore-10212
268,https://www.swiggy.com/restaurants/mayura-1989-dr-raj-kumar-road-rajajinagar-bangalore-122795
269,https://www.swiggy.com/restaurants/juice-junction-and-snacks-4th-t-block-east-jayanagar-bangalore-339998
270,https://www.swiggy.com/restaurants/new-holige-mane-7th-block-jayanagar-bangalore-642810
271,https://www.swiggy.com/restaurants/south-holige-mane-2nd-stage-vijayanagar-bangalore-574493
272,https://www.swiggy.com/restaurants/bmd-burgers-melts-dogs-premium-sandwiches-kaverappa-layout-cunningham-road-bangalore-352571
273,https://www.swiggy.com/restaurants/eden-park-cunningham-road-bangalore-29070
274,https://www.swiggy.com/restaurants/new-krishna-bhavan-gopika-a-c-sirur-park-road-malleshwaram-bangalore-54697
275,https://www.swiggy.com/restaurants/azukii-bistro-alfred-street-richmond-town-bangalore-337861
276,https://www.swiggy.com/restaurants/dbd-davangere-benne-dosa-govindarajanagar-vijayanagar-bangalore-291350
277,https://www.swiggy.com/restaurants/savi-sagar-srirampura-metro-station-rajajinagar-bangalore-37353
278,https://www.swiggy.com/restaurants/uttara-karnatakadha-jolada-rotti-mattu-chapati-angadi-gandhi-bazaar-basavanagudi-bangalore-381553
279,https://www.swiggy.com/restaurants/flying-kombucha-binnipete-bangalore-439729
280,https://www.swiggy.com/restaurants/m-s-sukhsagar-hotel-gandhinagar-gandhi-nagar-majestic-bangalore-120023
281,https://www.swiggy.com/restaurants/pabrais-fresh-and-naturelle-ice-creams-wood-street-brigade-road-bangalore-18977
282,https://www.swiggy.com/restaurants/lakshmi-sweets-and-chats-2nd-stage-banashankari-bangalore-331307
283,https://www.swiggy.com/restaurants/saarangi-fine-dining-4th-block-jayanagar-bangalore-153743
284,https://www.swiggy.com/restaurants/bucket-biryani-castle-street-ashok-nagar-bangalore-454692
285,https://www.swiggy.com/restaurants/davanagere-benne-dose-4th-block-jayanagar-bangalore-326125
286,https://www.swiggy.com/restaurants/the-rice-bowl-lavelle-road-bangalore-44238
287,https://www.swiggy.com/restaurants/maiyas-restaurants-jayanagar-bangalore-17077
288,https://www.swiggy.com/restaurants/galli-kitchen-2nd-stage-banashankari-bangalore-526823
289,https://www.swiggy.com/restaurants/donne-biryani-palace-4th-block-jayanagar-bangalore-634490
290,https://www.swiggy.com/restaurants/k-c-das-3rd-block-jayanagar-bangalore-396200
291,https://www.swiggy.com/restaurants/frosty-crumble-residency-road-ashok-nagar-bangalore-123889
292,https://www.swiggy.com/restaurants/ramji-chaiwale-residency-road-ashok-nagar-bangalore-59234
293,https://www.swiggy.com/restaurants/hatti-kaapi-coffee-and-more-4th-block-jayanagar-bangalore-27771
294,https://www.swiggy.com/restaurants/the-food-corner-millars-road-vasanth-nagar-bangalore-230143
295,https://www.swiggy.com/restaurants/o2-juice-bar-byrasandra-jayanagar-bangalore-730769
296,https://www.swiggy.com/restaurants/kaippunnyam-restaurant-brigade-road-ashok-nagar-bangalore-435046
297,https://www.swiggy.com/restaurants/zoroy-luxury-chocolates-church-street-bangalore-167437
298,https://www.swiggy.com/restaurants/mystique-palate-4th-block-jayanagar-bangalore-49496
299,https://www.swiggy.com/restaurants/bangalore-thindies-infantry-road-shivaji-nagar-bangalore-307554
300,https://www.swiggy.com/restaurants/maharaja-military-canteen-donne-biryani-cunnigham-road-vasanth-nagar-bangalore-402621
301,https://www.swiggy.com/restaurants/barbecue-by-punjab-grill-mantri-square-malleshwaram-bangalore-425927
302,https://www.swiggy.com/restaurants/kabab-korner-ashok-nagar-st-marks-road-bangalore-6115
303,https://www.swiggy.com/restaurants/pizza-stop-lavelle-road-bangalore-11250
304,https://www.swiggy.com/restaurants/itc-gardenia-flavours-residency-road-ashok-nagar-bangalore-281885
305,https://www.swiggy.com/restaurants/sly-granny-forum-rex-walk-mall-shanthinagara-bangalore-665768
306,https://www.swiggy.com/restaurants/donne-biryani-house-sampige-road-malleshwaram-bangalore-32738
307,https://www.swiggy.com/restaurants/itc-gardenia-gourmet-couch-residency-road-ashok-nagar-bangalore-294450
308,https://www.swiggy.com/restaurants/karnataka-biryani-point-ln-puram-rajajinagar-bangalore-115437
309,https://www.swiggy.com/restaurants/ice-fort-hoshalli-extension-vijayanagar-bangalore-208542
310,https://www.swiggy.com/restaurants/slv-refereshments-3rd-stage-banashankari-bangalore-396486
311,https://www.swiggy.com/restaurants/varanasi-cafe-lassi-ghat-4th-block-jayanagar-bangalore-369617
312,https://www.swiggy.com/restaurants/chinese-hot-millars-road-vasanth-nagar-bangalore-350064
313,https://www.swiggy.com/restaurants/hotel-green-tara-brigade-road-ashok-nagar-bangalore-439381
314,https://www.swiggy.com/restaurants/hoppipola-church-street-bangalore-23093
315,https://www.swiggy.com/restaurants/itc-windsor-biryani-and-pulao-collection-vasanth-nagar-golf-course-road-bangalore-334997
316,https://www.swiggy.com/restaurants/gowhey-healthy-dessert-company-albert-victor-road-chamrajpet-bangalore-346434
317,https://www.swiggy.com/restaurants/candy-cloud-factory-kavi-lakshmisha-road-basavanagudi-bangalore-655570
318,https://www.swiggy.com/restaurants/bangarapet-bhel-house-raghavendra-colony-basavanagudi-bangalore-373794
319,https://www.swiggy.com/restaurants/hotel-chandrika-cunnigham-road-vasanth-nagar-bangalore-10844
320,https://www.swiggy.com/restaurants/india-chai-lounge-millars-road-vasanth-nagar-bangalore-389139
321,https://www.swiggy.com/restaurants/brahmishree-nandi-grand-rpc-layout-vijayanagar-bangalore-625785
322,https://www.swiggy.com/restaurants/om-sri-vinayaka-chats-srinivasnagar-banashankari-bangalore-408549
323,https://www.swiggy.com/restaurants/airlines-hotel-ashok-nagar-lavelle-road-bangalore-79234
324,https://www.swiggy.com/restaurants/momonest-22nd-cross-banashankari-bangalore-732498
325,https://www.swiggy.com/restaurants/jmv-condiments-anepalya-audgodi-bangalore-492181
326,https://www.swiggy.com/restaurants/biryani-blues-church-street-ashok-nagar-bangalore-439141
327,https://www.swiggy.com/restaurants/rolls-mania-church-street-st-marks-road-bangalore-55438
328,https://www.swiggy.com/restaurants/abubakar-siddiq-hotel-mohammedan-block-malleswaram-bangalore-345281
329,https://www.swiggy.com/restaurants/roomali-church-street-ashok-nagar-bangalore-2840
330,https://www.swiggy.com/restaurants/tottos-pizza-shanthala-nagar-ashok-nagar-bangalore-406845
331,https://www.swiggy.com/restaurants/ketogenic-foods-cunnigham-road-vasanth-nagar-bangalore-231740
332,https://www.swiggy.com/restaurants/mudpipe-cafe-cunningham-road-bangalore-14842
333,https://www.swiggy.com/restaurants/green-theory-shanthala-nagar-richmond-town-bangalore-2856
334,https://www.swiggy.com/restaurants/suzy-q-cunningham-road-bangalore-396108
335,https://www.swiggy.com/restaurants/raahi-st-marks-road-bangalore-292262
336,https://www.swiggy.com/restaurants/anjappar-brigade-road-bangalore-252412
337,https://www.swiggy.com/restaurants/dragons-belly-thyagaraja-nagar-banashankari-bangalore-660186
338,https://www.swiggy.com/restaurants/new-samrat-restaurant-sc-road-seshadripuram-bangalore-411998
339,https://www.swiggy.com/restaurants/kavali-hotel-3rd-stage-banashankari-bangalore-163519
340,https://www.swiggy.com/restaurants/cafe-morish-richmond-building-richmond-road-bangalore-63082
341,https://www.swiggy.com/restaurants/venezia-7th-block-jayanagar-bangalore-516747
342,https://www.swiggy.com/restaurants/sri-sai-chats-bangarpet-chats-new-diagonal-rd-jayanagar-bangalore-720488
343,https://www.swiggy.com/restaurants/hotel-vrindavan-1stu-main-r-p-c-layout-vijayanagar-bangalore-733172
344,https://www.swiggy.com/restaurants/n-r-donne-biriyani-1st-block-jayanagar-bangalore-531344
345,https://www.swiggy.com/restaurants/virinchi-cafe-residency-road-ashok-nagar-bangalore-471009
346,https://www.swiggy.com/restaurants/hotel-udupi-ruchi-5th-block-rajajinagar-bangalore-42739
347,https://www.swiggy.com/restaurants/kuuraku-shanthala-nagar-ashok-nagar-bangalore-634916
348,https://www.swiggy.com/restaurants/brassa-shanthala-nagar-st-marks-road-bangalore-662616
349,https://www.swiggy.com/restaurants/bakeshop-by-living-food-bannergatta-main-road-brigade-road-bangalore-623019
350,https://www.swiggy.com/restaurants/desserted-8th-main-road-vasanth-nagar-bangalore-415086
351,https://www.swiggy.com/restaurants/navya-samrat-infantry-road-ashok-nagar-bangalore-633113
352,https://www.swiggy.com/restaurants/chinese-wok-and-grill-2nd-stage-banashankari-bangalore-621704
353,https://www.swiggy.com/restaurants/namma-biriyani-3rd-stage-banashankari-bangalore-129052
354,https://www.swiggy.com/restaurants/shangrila-restaurant-ashok-nagar-brigade-road-bangalore-457740
355,https://www.swiggy.com/restaurants/bhagyalakshmi-butter-gulkand-stores-sampige-road-malleshwaram-bangalore-586843
356,https://www.swiggy.com/restaurants/little-white-kitchen-brigade-road-ashok-nagar-bangalore-62112
357,https://www.swiggy.com/restaurants/1522-the-pub-residency-road-residency-road-bangalore-335844
358,https://www.swiggy.com/restaurants/baha-shanthala-nagar-sampangi-rama-nagara-bangalore-333296
359,https://www.swiggy.com/restaurants/halli-mane-malleshwaram-bangalore-6400
360,https://www.swiggy.com/restaurants/cafe-azzure-mg-road-bangalore-43206
361,https://www.swiggy.com/restaurants/sgs-nonveg-gundu-palav-balepet-sowrashtrapet-majestic-bangalore-433950
362,https://www.swiggy.com/restaurants/new-modern-hotel-parvathipuram-basavanagudi-bangalore-501190
363,https://www.swiggy.com/restaurants/biryani-trip-destination-hyderabad-hare-krishna-road-seshadripuram-bangalore-502855
364,https://www.swiggy.com/restaurants/aligarh-house-mughlai-biryani-ali-asker-road-cunningham-road-bangalore-393108
365,https://www.swiggy.com/restaurants/donburi-aga-abdullah-street-richmond-town-bangalore-469048
366,https://www.swiggy.com/restaurants/tea-villa-cafe-jayanagar-bangalore-107695
367,https://www.swiggy.com/restaurants/smoodies-by-eatfit-vasantha-nagar-central-bangalore-bangalore-661062
368,https://www.swiggy.com/restaurants/ghee-tadka-khichdi-shivananda-circle-seshadripuram-bangalore-518343
369,https://www.swiggy.com/restaurants/big-bites-hare-krishna-road-seshadripuram-bangalore-505897
370,https://www.swiggy.com/restaurants/shakespert-2nd-stage-banashankari-bangalore-298898
371,https://www.swiggy.com/restaurants/new-ambur-special-dum-biriyani-agrahara-rajajinagar-bangalore-488135
372,https://www.swiggy.com/restaurants/vegan-kitchen-cunnigham-road-vasanth-nagar-bangalore-231946
373,https://www.swiggy.com/restaurants/melts-sampige-road-malleshwaram-bangalore-514081
374,https://www.swiggy.com/restaurants/bombay-borough-ashok-nagar-bangalore-465939
375,https://www.swiggy.com/restaurants/once-upon-a-rooftop-4th-block-jayanagar-bangalore-54843
376,https://www.swiggy.com/restaurants/thenga-manga-brigade-road-central-bangalore-bangalore-748103
377,https://www.swiggy.com/restaurants/dyce-4th-block-jayanagar-bangalore-610237
378,https://www.swiggy.com/restaurants/hotel-ocea-markham-road-brigade-road-bangalore-52336
379,https://www.swiggy.com/restaurants/asian-curry-house-mantri-square-mall-malleshwaram-bangalore-720471
380,https://www.swiggy.com/restaurants/bilquees-home-kitchen-shivaji-nagar-central-bangalore-bangalore-735382
381,https://www.swiggy.com/restaurants/brew-meister-4th-block-jayanagar-bangalore-602770
382,https://www.swiggy.com/restaurants/ragoos-5th-b-main-k-r-road-bangalore-1540
383,https://www.swiggy.com/restaurants/indian-maharaj-bheemanna-garden-shanti-nagar-bangalore-699939
384,https://www.swiggy.com/restaurants/flavorville-kavi-lakshmisha-rd-basavanagudi-bangalore-654971
385,https://www.swiggy.com/restaurants/peppy-parathas-and-rolls-by-chai-point-2nd-stage-banashankari-bangalore-481820
386,https://www.swiggy.com/restaurants/pavman-2nd-block-rajajinagar-bangalore-549586
387,https://www.swiggy.com/restaurants/apna-ghar-lakshmisha-road-jayanagar-bangalore-405430
388,https://www.swiggy.com/restaurants/udupi-sri-krishna-vaibhava-6th-block-jayanagar-bangalore-485614
389,https://www.swiggy.com/restaurants/manchurian-corner-kavi-lakshmisha-road-basavanagudi-bangalore-398062
390,https://www.swiggy.com/restaurants/food-paradise-sirur-park-road-seshadripuram-bangalore-5221
391,https://www.swiggy.com/restaurants/hotel-raghavendra-prasanna-chikkapete-city-market-bangalore-315796
392,https://www.swiggy.com/restaurants/brown-burger-co-jayanagar-jayanagar-bangalore-422674
393,https://www.swiggy.com/restaurants/chinese-culinaire-joniawas-banashankari-bangalore-707371
394,https://www.swiggy.com/restaurants/kaapi-kendra-siddanna-layout-banashankari-bangalore-415233
395,https://www.swiggy.com/restaurants/sicilia-pont-italian-restaurant-5th-block-rajajinagar-bangalore-343594
396,https://www.swiggy.com/restaurants/drunken-monkey-rajajinagar-3rd-block-rajajinagar-bangalore-538037
397,https://www.swiggy.com/restaurants/maayaa-sampangi-rama-nagar-bangalore-682289
398,https://www.swiggy.com/restaurants/simple-thindies-1st-stage-banashankari-bangalore-389651
399,https://www.swiggy.com/restaurants/south-ruchi-magadi-road-bangalore-32754
400,https://www.swiggy.com/restaurants/rcb-bar-and-cafe-church-street-bangalore-358622
401,https://www.swiggy.com/restaurants/kalmane-koffees-mantri-square-mall-malleshwaram-bangalore-306701
402,https://www.swiggy.com/restaurants/roof-tap-2nd-stage-banashankari-bangalore-55533
403,https://www.swiggy.com/restaurants/china-flame-richmond-road-ashok-nagar-bangalore-161007
404,https://www.swiggy.com/restaurants/mandarin-box-church-street-ashok-nagar-bangalore-119055
405,https://www.swiggy.com/restaurants/rolls-venue-lic-colony-jayanagar-bangalore-685134
406,https://www.swiggy.com/restaurants/mitti-cafe-banashankari-bangalore-372806
407,https://www.swiggy.com/restaurants/sattuani-mg-road-ashok-nagar-bangalore-158019
408,https://www.swiggy.com/restaurants/smoky-and-snacky-chamarajpet-basavangudi-bangalore-410891
409,https://www.swiggy.com/restaurants/himadri-ice-cream-k-g-circle-malleshwaram-bangalore-461164
410,https://www.swiggy.com/restaurants/shyvan-fast-food-lal-bagh-road-ashok-nagar-bangalore-165917
411,https://www.swiggy.com/restaurants/new-food-court-shamana-garden-koramangala-bangalore-738867
412,https://www.swiggy.com/restaurants/kholi-mane-2nd-block-basavanagudi-bangalore-24697
413,https://www.swiggy.com/restaurants/gowdas-biryani-corner-nati-style-hosahalli-vijaynagar-bangalore-659362
414,https://www.swiggy.com/restaurants/hyperscoop-natural-and-premium-ice-cream-rpc-layout-vijayanagar-bangalore-368240
415,https://www.swiggy.com/restaurants/vijaynagar-vaibhav-mc-layout-vijayanagar-bangalore-619033
416,https://www.swiggy.com/restaurants/appu-donne-biriyani-telecom-colony-vijayanagar-bangalore-541635
417,https://www.swiggy.com/restaurants/shyam-mishra-juice-center-6th-c-main-road-jayanagar-bangalore-663572
418,https://www.swiggy.com/restaurants/new-aaradhya-food-line-2nd-stage-banashankari-bangalore-460598
419,https://www.swiggy.com/restaurants/sri-udupi-vaibhava-27th-cross-rd-jayanagar-bangalore-691358
420,https://www.swiggy.com/restaurants/the-kytchin-k-r-road-jayanagar-bangalore-716406
421,https://www.swiggy.com/restaurants/suguna-kabab-corner-hosahalli-vijayanagar-bangalore-175399
422,https://www.swiggy.com/restaurants/south-ruchis-square-race-course-road-bangalore-39400
423,https://www.swiggy.com/restaurants/harilal-paan-mavalli-city-market-bangalore-614844
424,https://www.swiggy.com/restaurants/shivanna-gulkan-store-vv-puram-basavanagudi-bangalore-247145
425,https://www.swiggy.com/restaurants/sri-ranganatha-military-hotel-chamrajpet-basavanagudi-bangalore-122282
426,https://www.swiggy.com/restaurants/sri-ganesh-sweets-chamrajpet-basavanagudi-bangalore-404433
427,https://www.swiggy.com/restaurants/rathan-juice-center-bazaar-street-basavanagudi-bangalore-719910
428,https://www.swiggy.com/restaurants/kabab-palace-6th-block-rajajinagar-bangalore-111229
429,https://www.swiggy.com/restaurants/parijata-pure-veg-shoolay-circle-richmond-town-bangalore-303283
430,https://www.swiggy.com/restaurants/mubarak-restaurant-agrahara-rajajinagar-bangalore-512282
431,https://www.swiggy.com/restaurants/sri-malai-mahadeshwara-bhel-corner-3rd-stage-banashankari-bangalore-395577
432,https://www.swiggy.com/restaurants/shree-cool-point-rpc-layout-vijay-nagar-bangalore-112727
433,https://www.swiggy.com/restaurants/doosri-biwi-4th-block-jayanagar-bangalore-516465
434,https://www.swiggy.com/restaurants/gustoes-beer-and-bouffage-jayanagar-bangalore-23067
435,https://www.swiggy.com/restaurants/swathi-greenland-mc-layout-vijayanagar-bangalore-74628
436,https://www.swiggy.com/restaurants/foodx-restaurant-millers-road-vasanth-nagar-bangalore-422942
437,https://www.swiggy.com/restaurants/hotel-utsav-north-indian-food-joint-3rd-stage-banashankari-bangalore-5589
438,https://www.swiggy.com/restaurants/patio-805-jayanagar-bangalore-141185
439,https://www.swiggy.com/restaurants/express-chinese-sec-19-banashankari-bangalore-707523
440,https://www.swiggy.com/restaurants/mumbai-spice-vasantha-nagar-central-bangalore-bangalore-735422
441,https://www.swiggy.com/restaurants/murlidhar-samosa-point-3rd-block-rajajinagar-bangalore-641825
442,https://www.swiggy.com/restaurants/italian-bakehouse-4th-t-block-jayanagar-bangalore-466600
443,https://www.swiggy.com/restaurants/tree-tops-bar-and-kitchen-lavelle-road-bangalore-337687
444,https://www.swiggy.com/restaurants/hotel-new-panchavati-mrcr-layout-vijayanagar-bangalore-32692
445,https://www.swiggy.com/restaurants/donne-biryani-corner-nati-style-sampangi-rama-nagar-brigade-road-bangalore-581958
446,https://www.swiggy.com/restaurants/tasty-paradise-tirur-park-road-malleshwaram-bangalore-47446
447,https://www.swiggy.com/restaurants/kamat-aahaar-malleshwaram-1st-cross-road-malleshwaram-bangalore-585673
448,https://www.swiggy.com/restaurants/matsuri-the-chancery-hotel-the-chancery-hotel-lavelle-road-bangalore-554191
449,https://www.swiggy.com/restaurants/dadi-di-rasoi-lakshmi-road-jayanagar-bangalore-231777
450,https://www.swiggy.com/restaurants/namma-s-l-n-2nd-block-jayanagar-bangalore-552167
451,https://www.swiggy.com/restaurants/the-bangalore-tiffanys-keshava-nagar-vijay-nagar-bangalore-581061
452,https://www.swiggy.com/restaurants/advis-food-srinagar-banashankari-bangalore-419178
453,https://www.swiggy.com/restaurants/sri-maruthi-donne-biriyani-and-kabab-hanumanthanagar-banashankari-bangalore-603839
454,https://www.swiggy.com/restaurants/indian-drinks-by-living-food-7th-phase-brigade-road-bangalore-636231
455,https://www.swiggy.com/restaurants/dessert-rose-2nd-stage-banashankari-bangalore-151709
456,https://www.swiggy.com/restaurants/south-tadka-thyagaraj-nagar-basavanagudi-bangalore-235650
457,https://www.swiggy.com/restaurants/lush-renaissance-bengaluru-race-course-hotel-by-marriott-race-course-road-bangalore-284374
458,https://www.swiggy.com/restaurants/stories-of-kitchen-race-course-road-malleshwaram-bangalore-576163
459,https://www.swiggy.com/restaurants/atlas-world-cafe-race-course-road-malleshwaram-bangalore-269808
460,https://www.swiggy.com/restaurants/the-icecream-zone-chamrajpet-basavanagudi-bangalore-489047
461,https://www.swiggy.com/restaurants/suprabhatha-coffee-kendra-nk-road-basavanagudi-bangalore-575483
462,https://www.swiggy.com/restaurants/uttara-karnataka-jolad-rotti-matttu-chapati-angadi-agrahara-1st-main-road-basavanagudi-bangalore-384486
463,https://www.swiggy.com/restaurants/your-green-factory-near-royan-circle-chamrajpet-bangalore-530240
464,https://www.swiggy.com/restaurants/5-c-restobar-rajajinagar-bangalore-573627
465,https://www.swiggy.com/restaurants/indian-home-food-ihf-7th-block-jayanagar-bangalore-579593
466,https://www.swiggy.com/restaurants/udupi-vaibhava-hotel-basaveshwaranagar-rajajinagar-bangalore-502791
467,https://www.swiggy.com/restaurants/juice-and-sandwiches-hub-pattabhirama-nagar-jayanagar-bangalore-691742
468,https://www.swiggy.com/restaurants/holy-doh-pizza-bsk-2nd-stage-basavanagudi-bangalore-593387
469,https://www.swiggy.com/restaurants/shree-ambha-bhavani-pakka-home-made-rpc-layout-vijayanagar-bangalore-648927
470,https://www.swiggy.com/restaurants/royal-ice-corner-bbmp-south-jayanagar-bangalore-718841
471,https://www.swiggy.com/restaurants/chole-maharaj-prakash-nagar-rajajinagar-bangalore-724910
472,https://www.swiggy.com/restaurants/udupi-malini-grand-shivaji-nagar-central-bangalore-bangalore-739167
473,https://www.swiggy.com/restaurants/the-chinese-food-company-ashok-nagar-bangalore-65189
474,https://www.swiggy.com/restaurants/kenzai-asian-kitchen-and-lounge-ashok-nagar-bangalore-589631
475,https://www.swiggy.com/restaurants/rasta-church-street-bangalore-131261
476,https://www.swiggy.com/restaurants/paddy-platter-rice-and-shine-residency-road-ashok-nagar-bangalore-645996
477,https://www.swiggy.com/restaurants/the-biere-club-vittal-mallya-road-bangalore-283670
478,https://www.swiggy.com/restaurants/rolls-21-r-p-c-layout-vijayanagar-bangalore-597894
479,https://www.swiggy.com/restaurants/puppys-gastronomy-infantry-road-vasanth-nagar-bangalore-377889
480,https://www.swiggy.com/restaurants/the-green-path-sampige-road-malleshwaram-bangalore-142299
481,https://www.swiggy.com/restaurants/1992-chats-space-2nd-block-rajajinagar-bangalore-117913
482,https://www.swiggy.com/restaurants/lit-gastro-pub-church-street-bangalore-430991
483,https://www.swiggy.com/restaurants/dum-pukht-biryani-by-aromas-4th-block-jayanagar-bangalore-582919
484,https://www.swiggy.com/restaurants/the-burrow-crescent-road-gandhi-nagar-bangalore-705107
485,https://www.swiggy.com/restaurants/dominos-pizza-hampinagar-vijay-nagar-bangalore-359416
486,https://www.swiggy.com/restaurants/szechuan-dragon-hanumanthanagar-bangalore-20637
487,https://www.swiggy.com/restaurants/firangi-falooda-jayanagar-basavanagudi-bangalore-719516
488,https://www.swiggy.com/restaurants/eat-and-repeat-nr-colony-basavanagudi-bangalore-143867
489,https://www.swiggy.com/restaurants/soul-rasa-akkithimanahalli-shanti-nagar-bangalore-614642
490,https://www.swiggy.com/restaurants/thalairaj-biryani-surya-gandhi-bazar-basavanagudi-bangalore-477128
491,https://www.swiggy.com/restaurants/sandwich-guru-bull-temple-rd-basavanagudi-bangalore-154343
492,https://www.swiggy.com/restaurants/utsav-restaurant-hanumantha-nagar-banashankari-bangalore-61282
493,https://www.swiggy.com/restaurants/juice-junction-wilson-garden-bangalore-4848
494,https://www.swiggy.com/restaurants/mccafe-by-mcdonalds-gandhi-bazaar-main-road-basavangudi-bangalore-457523
495,https://www.swiggy.com/restaurants/globo-ice-creams-of-the-world-lakshmi-road-shanti-nagar-bangalore-681363
496,https://www.swiggy.com/restaurants/the-bakers-dozen-opp-nandini-booth-sriprasth-complex-residency-road-shanti-nagar-bangalore-704354
497,https://www.swiggy.com/restaurants/zaza-mughal-biryani-lakshmi-nagar-road-shanti-nagar-bangalore-503003
498,https://www.swiggy.com/restaurants/boom-sandwich-explosion-of-flavours-jai-bheema-nagar-seshadripuram-bangalore-692218
499,https://www.swiggy.com/restaurants/ammas-pastries-2nd-block-basavanagudi-bangalore-384142
500,https://www.swiggy.com/restaurants/sri-krishna-sweets-basavangudi-basavanagudi-bangalore-66033
501,https://www.swiggy.com/restaurants/havmor-havfunn-ice-cream-vanivilas-road-basavanagudi-bangalore-66590
502,https://www.swiggy.com/restaurants/dairy-day-ice-creams-shantinagar-basavanagudi-bangalore-525612
503,https://www.swiggy.com/restaurants/chettys-corner-hanumanthnagar-basavanagudi-bangalore-618456
504,https://www.swiggy.com/restaurants/itminaan-matka-biryani-slow-cooked-lakshmi-road-shanti-nagar-bangalore-503000
505,https://www.swiggy.com/restaurants/bombay-kulfi-sudhamnagar-austin-town-bangalore-47507
506,https://www.swiggy.com/restaurants/getaway-desserts-9th-main-prakash-nagar-bangalore-735624
